{"accuracy": 0.6746192893401015, "macro_f1": 0.13809525053920907, "weighted_f1": 0.5572215817316647}